insertId,labels.INSTANCE_UID,labels.LOG_BUCKET_NUM,labels.PROJECT_NUMBER,labels.SOURCE_ID,logName,receiveLocation,receiveTimestamp,resource.labels.database_id,resource.labels.project_id,resource.labels.region,resource.type,textPayload,timestamp
'2#1029213878861#4661794773563864219#slow#1770021543519975000#00000000000008b2-0@a1,'25-313aa37e-cbd8-49c8-bf22-cb67f0872199,41,5.1777E+11,303661383433633736343738383532612d326236,'projects/gamebest-prod/logs/cloudsql.googleapis.com%2Fmysql-slow.log,,'2026-02-02T08:39:05.013012165Z,'gamebest-prod:prod-gb-db-mysql-master,'gamebest-prod,'asia-northeast2,cloudsql_database,"'# Time: 2026-02-02T08:39:03.519975Z
# User@Host: root[root] @  [10.8.24.200]  thread_id: 11174082  server_id: 1768826215
# Query_time: 3.508280  Lock_time: 0.000226 Rows_sent: 1  Rows_examined: 2448090
SET timestamp=1770021543;
SELECT * FROM `global_3rd_db`.`gl_game_bet_wallet_change_log` WHERE `mer_order_id` in ('260129086450279','260129086450278') limit 100;",'2026-02-02T08:39:03.519975Z
'2#1029213878861#4661794773563864219#slow#1770021543519975000#00000000000000c7-0@a1,'25-313aa37e-cbd8-49c8-bf22-cb67f0872199,41,5.1777E+11,303661383433633736343738383532612d326236,'projects/gamebest-prod/logs/cloudsql.googleapis.com%2Fmysql-slow.log,,'2026-02-02T20:34:23.852235493Z,'gamebest-prod:prod-gb-db-mysql-master,'gamebest-prod,'asia-northeast2,cloudsql_database,"'/usr/sbin/mysqld, Version: 5.7.44-google-log ((Google)). started with:
Tcp port: 3306  Unix socket: /mysql/mysql.sock
Time           user_host      thread_id      server_id       Command    Argument",'2026-02-02T08:39:03.519975Z
'2#1029213878861#4661794773563864219#slow#1770019588237782000#0000000000000747-0@a1,'25-313aa37e-cbd8-49c8-bf22-cb67f0872199,41,5.1777E+11,303661383433633736343738383532612d326236,'projects/gamebest-prod/logs/cloudsql.googleapis.com%2Fmysql-slow.log,,'2026-02-02T08:06:30.126443677Z,'gamebest-prod:prod-gb-db-mysql-master,'gamebest-prod,'asia-northeast2,cloudsql_database,"'# Time: 2026-02-02T08:06:28.237782Z
# User@Host: root[root] @  [10.8.24.200]  thread_id: 11172521  server_id: 1768826215
# Query_time: 35.386920  Lock_time: 0.000189 Rows_sent: 0  Rows_examined: 24684017
SET timestamp=1770019588;
SELECT * FROM `global_3rd_db`.`gl_game_bet` WHERE `seq_num` = '025116012908175117381' limit 100;",'2026-02-02T08:06:28.237782Z
'2#1029213878861#4661794773563864219#slow#1770018998841347000#0000000000000600-0@a1,'25-313aa37e-cbd8-49c8-bf22-cb67f0872199,41,5.1777E+11,303661383433633736343738383532612d326236,'projects/gamebest-prod/logs/cloudsql.googleapis.com%2Fmysql-slow.log,,'2026-02-02T07:56:40.343211566Z,'gamebest-prod:prod-gb-db-mysql-master,'gamebest-prod,'asia-northeast2,cloudsql_database,"'# Time: 2026-02-02T07:56:38.841347Z
# User@Host: root[root] @  [10.8.24.200]  thread_id: 11172055  server_id: 1768826215
# Query_time: 34.893033  Lock_time: 0.000216 Rows_sent: 0  Rows_examined: 24683949
SET timestamp=1770018998;
SELECT * FROM `global_3rd_db`.`gl_game_bet` WHERE `seq_num` = '260129086450279' limit 100;",'2026-02-02T07:56:38.841347Z
'2#1029213878861#4661794773563864219#slow#1770018838313329000#00000000000004bf-0@a1,'25-313aa37e-cbd8-49c8-bf22-cb67f0872199,41,5.1777E+11,303661383433633736343738383532612d326236,'projects/gamebest-prod/logs/cloudsql.googleapis.com%2Fmysql-slow.log,,'2026-02-02T07:53:59.363048791Z,'gamebest-prod:prod-gb-db-mysql-master,'gamebest-prod,'asia-northeast2,cloudsql_database,"'# Time: 2026-02-02T07:53:58.313329Z
# User@Host: root[root] @  [10.8.24.200]  thread_id: 11171932  server_id: 1768826215
# Query_time: 35.271180  Lock_time: 0.000189 Rows_sent: 1  Rows_examined: 24683923
SET timestamp=1770018838;
SELECT * FROM `global_3rd_db`.`gl_game_bet` WHERE `seq_num` = '260129086450278' limit 100;",'2026-02-02T07:53:58.313329Z
'2#1029213878861#4661794773563864219#slow#1770005348215865000#000000000000037e-0@a1,'25-313aa37e-cbd8-49c8-bf22-cb67f0872199,41,5.1777E+11,303661383433633736343738383532612d326236,'projects/gamebest-prod/logs/cloudsql.googleapis.com%2Fmysql-slow.log,,'2026-02-02T04:09:09.340619265Z,'gamebest-prod:prod-gb-db-mysql-master,'gamebest-prod,'asia-northeast2,cloudsql_database,"'# Time: 2026-02-02T04:09:08.215865Z
# User@Host: root[root] @  [10.8.24.200]  thread_id: 11161328  server_id: 1768826215
# Query_time: 36.712663  Lock_time: 0.000196 Rows_sent: 0  Rows_examined: 24682546
SET timestamp=1770005348;
SELECT * FROM `global_3rd_db`.`gl_game_bet` WHERE `seq_num` = '025116012908175117381' limit 100;",'2026-02-02T04:09:08.215865Z
'2#1029213878861#4661794773563864219#slow#1770005211711954000#0000000000000237-0@a1,'25-313aa37e-cbd8-49c8-bf22-cb67f0872199,41,5.1777E+11,303661383433633736343738383532612d326236,'projects/gamebest-prod/logs/cloudsql.googleapis.com%2Fmysql-slow.log,,'2026-02-02T04:06:53.548515713Z,'gamebest-prod:prod-gb-db-mysql-master,'gamebest-prod,'asia-northeast2,cloudsql_database,"'# Time: 2026-02-02T04:06:51.711954Z
# User@Host: root[root] @  [10.8.24.200]  thread_id: 11161216  server_id: 1768826215
# Query_time: 60.011748  Lock_time: 0.000198 Rows_sent: 0  Rows_examined: 23576846
use global_3rd_db;
SET timestamp=1770005211;
SELECT * FROM `global_3rd_db`.`gl_game_bet` WHERE `seq_num` = '025116012908175117381' ORDER BY `order_id` limit 0,100;",'2026-02-02T04:06:51.711954Z
'2#1029213878861#4661794773563864219#slow#1769907729418257000#00000000000002fc-0@a1,'25-313aa37e-cbd8-49c8-bf22-cb67f0872199,41,5.1777E+11,303661383433633736343738383532612d326236,'projects/gamebest-prod/logs/cloudsql.googleapis.com%2Fmysql-slow.log,,'2026-02-01T01:02:11.208521453Z,'gamebest-prod:prod-gb-db-mysql-master,'gamebest-prod,'asia-northeast2,cloudsql_database,"'# Time: 2026-02-01T01:02:09.418257Z
# User@Host: global[global] @  [10.8.24.17]  thread_id: 11082641  server_id: 1768826215
# Query_time: 2.140952  Lock_time: 0.000200 Rows_sent: 1  Rows_examined: 178856
use global_3rd_db;
SET timestamp=1769907729;
select
        sum(effective_bet_amount)
        from gl_game_bet
        where status=1 and bet_type = 2
         
         
            and user_id = 229145
         
         
         
            and bet_date >= '2022-02-01 00:00:00.0'
         
         
            and bet_date <= '2026-02-01 09:02:00.055';",'2026-02-01T01:02:09.418257Z
'2#1029213878861#4661794773563864219#slow#1769907729418257000#00000000000000c7-0@a1,'25-313aa37e-cbd8-49c8-bf22-cb67f0872199,41,5.1777E+11,303661383433633736343738383532612d326236,'projects/gamebest-prod/logs/cloudsql.googleapis.com%2Fmysql-slow.log,,'2026-02-01T20:34:23.830980544Z,'gamebest-prod:prod-gb-db-mysql-master,'gamebest-prod,'asia-northeast2,cloudsql_database,"/usr/sbin/mysqld, Version: 5.7.44-google-log ((Google)). started with:
Tcp port: 3306  Unix socket: /mysql/mysql.sock
Time           user_host      thread_id      server_id       Command    Argument",'2026-02-01T01:02:09.418257Z
'2#1029213878861#4661794773563864219#slow#1769784903267577000#00000000000004d4-0@a1,'25-313aa37e-cbd8-49c8-bf22-cb67f0872199,41,5.1777E+11,303661383433633736343738383532612d326236,'projects/gamebest-prod/logs/cloudsql.googleapis.com%2Fmysql-slow.log,,'2026-01-30T14:55:04.620556613Z,'gamebest-prod:prod-gb-db-mysql-master,'gamebest-prod,'asia-northeast2,cloudsql_database,"'# Time: 2026-01-30T14:55:03.267577Z
# User@Host: global[global] @  [10.8.24.21]  thread_id: 10987602  server_id: 1768826215
# Query_time: 5.815719  Lock_time: 0.000139 Rows_sent: 0  Rows_examined: 1811787
use xxl_job;
SET timestamp=1769784903;
SELECT id FROM  xxl_job.xxl_job_log
		WHERE (
			(trigger_code not in (0, 200))
			OR
			(handle_code not in (0, 200))
		)
		AND  alarm_status  = 0
		ORDER BY id ASC
		LIMIT 1000;",'2026-01-30T14:55:03.267577Z
'2#1029213878861#4661794773563864219#slow#1769784903267577000#00000000000000c7-0@a1,'25-313aa37e-cbd8-49c8-bf22-cb67f0872199,41,5.1777E+11,303661383433633736343738383532612d326236,'projects/gamebest-prod/logs/cloudsql.googleapis.com%2Fmysql-slow.log,,'2026-01-30T20:34:21.826323104Z,'gamebest-prod:prod-gb-db-mysql-master,'gamebest-prod,'asia-northeast2,cloudsql_database,"'/usr/sbin/mysqld, Version: 5.7.44-google-log ((Google)). started with:
Tcp port: 3306  Unix socket: /mysql/mysql.sock
Time           user_host      thread_id      server_id       Command    Argument",'2026-01-30T14:55:03.267577Z
'2#1029213878861#4661794773563864219#slow#1769769482878169000#000000000000032c-0@a1,'25-313aa37e-cbd8-49c8-bf22-cb67f0872199,41,5.1777E+11,303661383433633736343738383532612d326236,'projects/gamebest-prod/logs/cloudsql.googleapis.com%2Fmysql-slow.log,,'2026-01-30T10:38:04.446002122Z,'gamebest-prod:prod-gb-db-mysql-master,'gamebest-prod,'asia-northeast2,cloudsql_database,"'# Time: 2026-01-30T10:38:02.878169Z
# User@Host: root[root] @  [10.8.24.200]  thread_id: 10976139  server_id: 1768826215
# Query_time: 35.104197  Lock_time: 0.000194 Rows_sent: 1  Rows_examined: 24633475
SET timestamp=1769769482;
SELECT * FROM `global_3rd_db`.`gl_game_bet` WHERE `seq_num` = '260129086450278' limit 100;",'2026-01-30T10:38:02.878169Z
'2#1029213878861#4661794773563864219#slow#1769752246569153000#00000000000001eb-0@a1,'25-313aa37e-cbd8-49c8-bf22-cb67f0872199,41,5.1777E+11,303661383433633736343738383532612d326236,'projects/gamebest-prod/logs/cloudsql.googleapis.com%2Fmysql-slow.log,,'2026-01-30T05:50:47.809868981Z,'gamebest-prod:prod-gb-db-mysql-master,'gamebest-prod,'asia-northeast2,cloudsql_database,"'# Time: 2026-01-30T05:50:46.569153Z
# User@Host: root[root] @  [10.8.24.200]  thread_id: 10962557  server_id: 1768826215
# Query_time: 6.515102  Lock_time: 0.000145 Rows_sent: 1  Rows_examined: 2874546
use global_3rd_db;
SET timestamp=1769752246;
select count(*) from gl_game_user limit 100;",'2026-01-30T05:50:46.569153Z
'2#1029213878861#4661794773563864219#slow#1769693244887753000#0000000000000a27-0@a1,'25-313aa37e-cbd8-49c8-bf22-cb67f0872199,41,5.1777E+11,303661383433633736343738383532612d326236,'projects/gamebest-prod/logs/cloudsql.googleapis.com%2Fmysql-slow.log,,'2026-01-29T13:27:26.639734896Z,'gamebest-prod:prod-gb-db-mysql-master,'gamebest-prod,'asia-northeast2,cloudsql_database,"'# Time: 2026-01-29T13:27:24.887753Z
# User@Host: root[root] @  [10.8.24.200]  thread_id: 10916372  server_id: 1768826215
# Query_time: 33.131178  Lock_time: 0.000192 Rows_sent: 0  Rows_examined: 24608238
SET timestamp=1769693244;
SELECT * FROM `global_3rd_db`.`gl_game_bet` WHERE `seq_num` = '260129029625016' limit 0,100;",'2026-01-29T13:27:24.887753Z
'2#1029213878861#4661794773563864219#slow#1769693244887753000#00000000000000c7-0@a1,'25-313aa37e-cbd8-49c8-bf22-cb67f0872199,41,5.1777E+11,303661383433633736343738383532612d326236,'projects/gamebest-prod/logs/cloudsql.googleapis.com%2Fmysql-slow.log,,'2026-01-29T20:34:21.346608947Z,'gamebest-prod:prod-gb-db-mysql-master,'gamebest-prod,'asia-northeast2,cloudsql_database,"'/usr/sbin/mysqld, Version: 5.7.44-google-log ((Google)). started with:
Tcp port: 3306  Unix socket: /mysql/mysql.sock
Time           user_host      thread_id      server_id       Command    Argument",'2026-01-29T13:27:24.887753Z
'2#1029213878861#4661794773563864219#slow#1769673911339657000#00000000000008e4-0@a1,'25-313aa37e-cbd8-49c8-bf22-cb67f0872199,41,5.1777E+11,303661383433633736343738383532612d326236,'projects/gamebest-prod/logs/cloudsql.googleapis.com%2Fmysql-slow.log,,'2026-01-29T08:05:12.325477046Z,'gamebest-prod:prod-gb-db-mysql-master,'gamebest-prod,'asia-northeast2,cloudsql_database,"'# Time: 2026-01-29T08:05:11.339657Z
# User@Host: root[root] @  [10.8.24.200]  thread_id: 10901141  server_id: 1768826215
# Query_time: 47.582769  Lock_time: 0.000180 Rows_sent: 0  Rows_examined: 24604558
SET timestamp=1769673911;
SELECT * FROM `global_3rd_db`.`gl_game_bet` WHERE `seq_num` = '260129029625016' limit 0,100;",'2026-01-29T08:05:11.339657Z
'2#1029213878861#4661794773563864219#slow#1769657219126504000#00000000000007a1-0@a1,'25-313aa37e-cbd8-49c8-bf22-cb67f0872199,41,5.1777E+11,303661383433633736343738383532612d326236,'projects/gamebest-prod/logs/cloudsql.googleapis.com%2Fmysql-slow.log,,'2026-01-29T03:27:00.735260448Z,'gamebest-prod:prod-gb-db-mysql-master,'gamebest-prod,'asia-northeast2,cloudsql_database,"'# Time: 2026-01-29T03:26:59.126504Z
# User@Host: root[root] @  [10.8.24.200]  thread_id: 10888069  server_id: 1768826215
# Query_time: 2.144311  Lock_time: 0.000156 Rows_sent: 20  Rows_examined: 4151160
SET timestamp=1769657219;
select order_id,count(*) as cnt
from gl_game_bet_wallet_change_log
where order_id is not null
group by order_id
order by cnt desc
limit 20;",'2026-01-29T03:26:59.126504Z
'2#1029213878861#4661794773563864219#slow#1769657100157061000#0000000000000630-0@a1,'25-313aa37e-cbd8-49c8-bf22-cb67f0872199,41,5.1777E+11,303661383433633736343738383532612d326236,'projects/gamebest-prod/logs/cloudsql.googleapis.com%2Fmysql-slow.log,,'2026-01-29T03:25:01.769068541Z,'gamebest-prod:prod-gb-db-mysql-master,'gamebest-prod,'asia-northeast2,cloudsql_database,"'# Time: 2026-01-29T03:25:00.157061Z
# User@Host: root[root] @  [10.8.24.200]  thread_id: 10887941  server_id: 1768826215
# Query_time: 2.233760  Lock_time: 0.000152 Rows_sent: 1  Rows_examined: 4151120
SET timestamp=1769657100;
select order_id,MAX(cnt) As max_rows_per_order_id
from(
select order_id,count(*) as cnt
from gl_game_bet_wallet_change_log
where order_id IS NOT null
group by order_id
) x limit 100;",'2026-01-29T03:25:00.157061Z
'2#1029213878861#4661794773563864219#slow#1769657078558841000#0000000000000495-0@a1,'25-313aa37e-cbd8-49c8-bf22-cb67f0872199,41,5.1777E+11,303661383433633736343738383532612d326236,'projects/gamebest-prod/logs/cloudsql.googleapis.com%2Fmysql-slow.log,,'2026-01-29T03:24:39.468904245Z,'gamebest-prod:prod-gb-db-mysql-master,'gamebest-prod,'asia-northeast2,cloudsql_database,"'# Time: 2026-01-29T03:24:38.558841Z
# User@Host: root[root] @  [10.8.24.200]  thread_id: 10887919  server_id: 1768826215
# Query_time: 2.622484  Lock_time: 0.000179 Rows_sent: 1  Rows_examined: 4151120
SET timestamp=1769657078;
select MAX(cnt) As max_rows_per_order_id
from(
select order_id,count(*) as cnt
from gl_game_bet_wallet_change_log
where order_id IS NOT null
group by order_id
) x limit 100;",'2026-01-29T03:24:38.558841Z
'2#1029213878861#4661794773563864219#slow#1769653556328788000#0000000000000303-0@a1,'25-313aa37e-cbd8-49c8-bf22-cb67f0872199,41,5.1777E+11,303661383433633736343738383532612d326236,'projects/gamebest-prod/logs/cloudsql.googleapis.com%2Fmysql-slow.log,,'2026-01-29T02:25:57.619089340Z,'gamebest-prod:prod-gb-db-mysql-master,'gamebest-prod,'asia-northeast2,cloudsql_database,"'# Time: 2026-01-29T02:25:56.328788Z
# User@Host: root[root] @  [10.8.24.200]  thread_id: 10885139  server_id: 1768826215
# Query_time: 9.546047  Lock_time: 0.000693 Rows_sent: 0  Rows_examined: 2411523
use global_3rd_db;
SET timestamp=1769653556;
select t.*
from gl_game_bet_wallet_change_log t
JOIN (
 select order_id
 from gl_game_bet_wallet_change_log
 where order_id is NOT null
 and mer_order_id is not null
 group by order_id
 having count(distinct mer_order_id) > 1
 limit 20
) x ON x.order_id=t.order_id
order by t.order_id,t.mer_order_id,t.create_time limit 100;",'2026-01-29T02:25:56.328788Z
